<?xml version="1.0" encoding="utf-8"?>
<ServerRegions>
	<Facet name="Felucca">
		<region type="GuardedRegion" priority="50" name="Moongates">
			<!-- britain -->
			<rect x="1330" y="1991" width="13" height="13" />
			<!-- jhelom -->
			<rect x="1494" y="3767" width="12" height="11" />
			<!-- minoc -->
			<rect x="2694" y="685" width="15" height="16" />
			<!-- trinsic -->
			<rect x="1823" y="2943" width="11" height="11" />
			<!-- yew -->
			<rect x="761" y="741" width="19" height="21" />
			<!-- skara brae -->
			<rect x="638" y="2062" width="12" height="11" />
			<!-- moonglow -->
			<rect x="4459" y="1276" width="16" height="16" />
			<!-- magincia -->
			<rect x="3554" y="2132" width="18" height="18" />
		</region>
		<region type="TownRegion" priority="50" name="Cove">
			<rect x="2200" y="1110" width="50" height="50" />
			<rect x="2200" y="1160" width="86" height="86" />
			<go x="2275" y="1210" z="0" />
			<music name="Cove" />
		</region>
		<region type="TownRegion" priority="50" name="Britain">
			<rect x="1416" y="1498" width="324" height="279" zmin="-10" />
			<rect x="1500" y="1408" width="46" height="90" />
			<rect x="1385" y="1538" width="31" height="239" zmin="-10" />
			<rect x="1416" y="1777" width="324" height="60" />
			<rect x="1385" y="1777" width="31" height="130" />
			<rect x="1093" y="1538" width="292" height="369" />
			<go x="1495" y="1629" z="10" />
			<music name="Britain1" />
			<zrange min="0" />
			<region>
				<rect x="1492" y="1602" width="8" height="19" />
				<rect x="1500" y="1610" width="8" height="16" />
				<rect x="1576" y="1584" width="24" height="16" />
				<rect x="1456" y="1512" width="16" height="16" />
				<rect x="1472" y="1512" width="8" height="8" />
				<rect x="1486" y="1684" width="8" height="8" />
				<rect x="1494" y="1676" width="8" height="24" />
				<rect x="1424" y="1712" width="8" height="24" />
				<rect x="1432" y="1712" width="8" height="12" />
				<rect x="1608" y="1584" width="24" height="8" />
				<rect x="1616" y="1576" width="8" height="8" />
				<rect x="1544" y="1760" width="16" height="16" />
				<rect x="1560" y="1760" width="8" height="8" />
				<zrange min="0" />
				<logoutDelay active="false" />
			</region>
			<region name="A Wheatfield in Britain 1">
				<rect x="1120" y="1776" width="32" height="32" />
				<go x="1135" y="1791" z="0" />
				<spawning>
					<object id="413" type="FarmableWheat" minSpawnTime="PT10S" maxSpawnTime="PT30S" amount="8" />
				</spawning>
			</region>
			<region name="A Wheatfield in Britain 2">
				<rect x="1184" y="1808" width="32" height="32" />
				<go x="1199" y="1823" z="0" />
				<spawning>
					<object id="414" type="FarmableWheat" minSpawnTime="PT10S" maxSpawnTime="PT30S" amount="8" />
				</spawning>
			</region>
			<region name="A Wheatfield in Britain 3">
				<rect x="1216" y="1872" width="32" height="32" />
				<go x="1231" y="1887" z="0" />
				<spawning>
					<object id="415" type="FarmableWheat" minSpawnTime="PT10S" maxSpawnTime="PT30S" amount="8" />
				</spawning>
			</region>
			<region name="A Carrot Field in Britain 1">
				<rect x="1208" y="1712" width="16" height="24" />
				<go x="1215" y="1723" z="0" />
				<spawning>
					<object id="416" type="FarmableCarrot" minSpawnTime="PT10S" maxSpawnTime="PT30S" amount="8" />
				</spawning>
			</region>
			<region name="An Onion Field in Britain 1">
				<rect x="1224" y="1712" width="16" height="24" />
				<go x="1231" y="1723" z="0" />
				<spawning>
					<object id="417" type="FarmableOnion" minSpawnTime="PT10S" maxSpawnTime="PT30S" amount="8" />
				</spawning>
			</region>
			<region name="A Cabbage Field in Britain 1">
				<rect x="1176" y="1672" width="16" height="23" />
				<go x="1183" y="1683" z="0" />
				<spawning>
					<object id="418" type="FarmableCabbage" minSpawnTime="PT10S" maxSpawnTime="PT30S" amount="8" />
				</spawning>
			</region>
			<region name="A Turnip Field in Britain 1">
				<rect x="1192" y="1672" width="16" height="24" />
				<go x="1199" y="1683" z="0" />
				<spawning>
					<object id="419" type="FarmableTurnip" minSpawnTime="PT10S" maxSpawnTime="PT30S" amount="8" />
				</spawning>
			</region>
			<region name="A Wheatfield in Britain 4">
				<rect x="1104" y="1608" width="32" height="32" />
				<go x="1120" y="1624" z="0" />
			<spawning>
				<object id="420" type="FarmableWheat" minSpawnTime="PT10S" maxSpawnTime="PT30S" amount="8" />
				</spawning>
			</region>
			<region name="A Wheatfield in Britain 5">
				<rect x="1136" y="1560" width="32" height="32" />
				<go x="1152" y="1576" z="0" />
				<spawning>
					<object id="421" type="FarmableWheat" minSpawnTime="PT10S" maxSpawnTime="PT30S" amount="8" />
				</spawning>
			</region>
			<region name="A Turnip Field in Britain 2">
				<rect x="1208" y="1592" width="16" height="24" />
				<go x="1216" y="1604" z="0" />
				<spawning>
					<object id="422" type="FarmableTurnip" minSpawnTime="PT10S" maxSpawnTime="PT30S" amount="6" />
				</spawning>
			</region>
			<region name="A Carrot Field in Britain 2">
				<rect x="1224" y="1592" width="16" height="24" />
				<go x="1232" y="1604" z="0" />
				<spawning>
					<object id="423" type="FarmableCarrot" minSpawnTime="PT10S" maxSpawnTime="PT30S" amount="6" />
				</spawning>
			</region>
		</region>
		<region type="NoHousingRegion" priority="50" name="Britain Graveyard">
			<rect x="1333" y="1441" width="84" height="82" />
			<go x="1384" y="1492" z="10" />
		</region>
		<region type="NoHousingRegion" priority="50" name="Jhelom Islands">
			<rect x="1111" y="3567" width="33" height="21" />
			<rect x="1078" y="3588" width="124" height="121" />
			<rect x="1224" y="3592" width="309" height="473" />
			<go x="1383" y="3815" z="0" />
			<music name="Jhelom" />
			<region type="TownRegion" name="Jhelom">
				<rect x="1303" y="3670" width="189" height="225" />
				<rect x="1338" y="3895" width="74" height="28" />
				<rect x="1383" y="3951" width="109" height="94" />
				<go x="1383" y="3815" z="0" />
				<music name="Jhelom" />
				<zrange min="-20" />
				<region>
					<rect x="1352" y="3800" width="16" height="32" />
					<rect x="1368" y="3808" width="8" height="16" />
					<rect x="1432" y="3768" width="32" height="8" />
					<rect x="1440" y="3776" width="24" height="8" />
					<zrange min="-20" />
					<logoutDelay active="false" />
				</region>
			</region>
		</region>
		<region type="TownRegion" priority="50" name="Minoc">
			<rect x="2411" y="366" width="135" height="241" />
			<rect x="2548" y="495" width="72" height="55" />
			<rect x="2564" y="585" width="3" height="42" />
			<rect x="2567" y="585" width="61" height="61" />
			<rect x="2499" y="627" width="68" height="63" />
			<go x="2466" y="544" z="0" />
			<music name="Minoc" />
			<region>
				<rect x="2457" y="397" width="40" height="8" />
				<rect x="2465" y="405" width="8" height="8" />
				<rect x="2481" y="405" width="8" height="8" />
				<logoutDelay active="false" />
			</region>
		</region>
		<region type="TownRegion" priority="50" name="Ocllo">
			<rect x="3587" y="2456" width="119" height="99" />
			<rect x="3706" y="2460" width="2" height="95" />
			<rect x="3587" y="2555" width="106" height="73" />
			<rect x="3590" y="2628" width="103" height="58" />
			<rect x="3693" y="2555" width="61" height="144" />
			<rect x="3754" y="2558" width="7" height="141" />
			<rect x="3761" y="2555" width="7" height="144" zmax="50" />
			<rect x="3695" y="2699" width="66" height="13" />
			<go x="3650" y="2519" z="0" />
			<music name="Ocllo" />
			<region>
				<rect x="3664" y="2608" width="16" height="16" />
				<rect x="3664" y="2640" width="8" height="16" />
				<rect x="3672" y="2648" width="8" height="8" />
				<logoutDelay active="false" />
			</region>
		</region>
		<region type="TownRegion" priority="50" name="Trinsic">
			<rect x="1856" y="2636" width="75" height="28" />
			<rect x="1816" y="2664" width="283" height="231" />
			<rect x="2099" y="2782" width="18" height="25" />
			<rect x="1970" y="2895" width="47" height="32" />
			<rect x="1796" y="2696" width="20" height="67" zmin="0" />
			<rect x="1800" y="2796" width="16" height="52" zmin="0" />
			<go x="1867" y="2780" z="0" />
			<music name="Trinsic" />
			<region>
				<rect x="1834" y="2728" width="22" height="16" />
				<rect x="2024" y="2784" width="16" height="20" />
				<rect x="2026" y="2804" width="14" height="2" />
				<rect x="2024" y="2806" width="16" height="7" />
				<rect x="1923" y="2786" width="12" height="22" />
				<rect x="1935" y="2786" width="7" height="14" />
				<logoutDelay active="false" />
			</region>
		</region>
		<region type="TownRegion" priority="50" name="Vesper">
			<rect x="2893" y="598" width="121" height="50" />
			<rect x="2816" y="648" width="249" height="365" />
			<rect x="2734" y="944" width="82" height="4" />
			<rect x="2728" y="948" width="88" height="53" />
			<go x="2899" y="676" z="0" />
			<music name="Vesper" />
			<region>
				<rect x="2952" y="864" width="16" height="32" />
				<rect x="2968" y="872" width="8" height="16" />
				<rect x="2776" y="952" width="16" height="32" />
				<rect x="2768" y="960" width="8" height="16" />
				<rect x="2892" y="901" width="16" height="19" />
				<rect x="2908" y="904" width="8" height="8" />
				<logoutDelay active="false" />
			</region>
		</region>
		<region type="TownRegion" priority="50" name="Yew">
			<rect x="92" y="656" width="349" height="225" />
			<rect x="441" y="746" width="216" height="135" />
			<rect x="258" y="881" width="399" height="380" />
			<rect x="657" y="922" width="42" height="307" />
			<rect x="657" y="806" width="17" height="28" />
			<rect x="718" y="874" width="38" height="22" />
			<go x="546" y="992" z="0" />
			<music name="Yew" />
			<zrange min="0" max="39" />
			<region>
				<rect x="600" y="808" width="24" height="24" />
				<zrange min="0" max="39" />
				<logoutDelay active="false" />
			</region>
			<region name="A Field of Sheep in Yew 1">
				<rune name="A Field of Sheep in Yew" />
				<rect x="664" y="928" width="22" height="22" />
				<go x="675" y="939" z="0" />
				<spawning>
					<object id="301" type="Sheep" minSpawnTime="PT10S" maxSpawnTime="PT30S" amount="10" />
				</spawning>
			</region>
			<region name="A Field of Sheep in Yew 2">
				<rune name="A Field of Sheep in Yew" />
				<rect x="664" y="1168" width="22" height="22" />
				<go x="675" y="1179" z="0" />
				<spawning>
					<object id="302" type="Sheep" minSpawnTime="PT10S" maxSpawnTime="PT30S" amount="10" />
				</spawning>
			</region>
			<region name="A Farm in Yew">
				<rune name="A Farm in Yew" />
				<rect x="560" y="1088" width="22" height="22" />
				<go x="571" y="1099" z="0" />
				<spawning>
					<object id="303" type="Sheep" minSpawnTime="PT10S" maxSpawnTime="PT30S" amount="10" />
				</spawning>
			</region>
			<region name="A Wheatfield in Yew 1">
				<rune name="A Wheatfield in Yew" />
				<rect x="560" y="1232" width="16" height="16" />
				<go x="567" y="1239" z="0" />
				<spawning>
					<object id="304" type="FarmableWheat" minSpawnTime="PT10S" maxSpawnTime="PT30S" amount="5" />
				</spawning>
			</region>
			<region name="A Wheatfield in Yew 2">
				<rune name="A Wheatfield in Yew" />
				<rect x="368" y="1176" width="14" height="32" />
				<go x="375" y="1191" z="0" />
				<spawning>
					<object id="305" type="FarmableWheat" minSpawnTime="PT10S" maxSpawnTime="PT30S" amount="6" />
				</spawning>
			</region>
		</region>
		<region type="TownRegion" priority="50" name="Wind">
			<rect x="5294" y="19" width="72" height="120" />
			<rect x="5132" y="58" width="81" height="68" />
			<rect x="5197" y="126" width="55" height="78" />
			<rect x="5132" y="3" width="70" height="55" />
			<rect x="5252" y="112" width="42" height="58" />
			<rect x="5213" y="98" width="39" height="28" />
			<rect x="5279" y="57" width="15" height="55" />
			<rect x="5252" y="170" width="32" height="8" />
			<rect x="5286" y="25" width="8" height="32" />
			<rect x="5252" y="178" width="20" height="5" />
			<rect x="5252" y="183" width="10" height="10" />
			<go x="5223" y="190" z="5" />
			<music name="Wind" />
			<region>
				<rect x="5159" y="15" width="25" height="9" />
				<rect x="5159" y="24" width="9" height="16" />
				<rect x="5175" y="24" width="9" height="8" />
				<rect x="5212" y="159" width="9" height="24" />
				<rect x="5221" y="171" width="7" height="12" />
				<rect x="5206" y="164" width="6" height="15" />
				<rect x="5303" y="28" width="16" height="14" />
				<logoutDelay active="false" />
			</region>
		</region>
		<region type="TownRegion" priority="50" name="Serpent's Hold">
			<rect x="2868" y="3324" width="205" height="195" />
			<go x="3010" y="3371" z="15" />
			<music name="Serpents" />
			<zrange min="0" />
			<region>
				<rect x="2960" y="3400" width="16" height="16" />
				<rect x="2968" y="3416" width="8" height="16" />
				<rect x="3008" y="3450" width="14" height="14" />
				<zrange min="0" />
				<logoutDelay active="false" />
			</region>
		</region>
		<region type="TownRegion" priority="50" name="Skara Brae">
			<rect x="538" y="2107" width="150" height="190" />
			<go x="632" y="2233" z="0" />
			<music name="Skarabra" />
			<region>
				<rect x="600" y="2232" width="16" height="24" />
				<rect x="592" y="2240" width="8" height="16" />
				<rect x="616" y="2240" width="8" height="16" />
				<rect x="552" y="2168" width="16" height="24" />
				<rect x="568" y="2168" width="8" height="8" />
				<logoutDelay active="false" />
			</region>
		</region>
		<region type="TownRegion" priority="50" name="Nujel'm">
			<rect x="3475" y="1000" width="360" height="435" />
			<go x="3732" y="1279" z="0" />
			<music name="Nujelm" />
			<zrange min="0" />
			<region>
				<rect x="3736" y="1184" width="16" height="23" />
				<rect x="3728" y="1192" width="8" height="15" />
				<rect x="3728" y="1288" width="23" height="15" />
				<rect x="3728" y="1303" width="16" height="9" />
				<rect x="3728" y="1312" width="12" height="8" />
				<rect x="3728" y="1320" width="16" height="23" />
				<rect x="3744" y="1328" width="7" height="15" />
				<rect x="3760" y="1216" width="12" height="24" />
				<rect x="3772" y="1220" width="4" height="16" />
				<rect x="3776" y="1224" width="8" height="8" />
				<rect x="3728" y="1248" width="16" height="24" />
				<rect x="3744" y="1264" width="8" height="8" />
				<rect x="3744" y="1248" width="8" height="8" />
				<zrange min="0" />
				<logoutDelay active="false" />
			</region>
		</region>
		<region type="TownRegion" priority="50" name="Moonglow">
			<rect x="4535" y="844" width="20" height="3" />
			<rect x="4530" y="847" width="31" height="61" />
			<rect x="4521" y="914" width="56" height="49" />
			<rect x="4278" y="915" width="54" height="19" />
			<rect x="4283" y="944" width="53" height="73" />
			<rect x="4377" y="1015" width="59" height="37" zmin="-10" />
			<rect x="4367" y="1050" width="142" height="145" />
			<rect x="4539" y="1036" width="27" height="18" />
			<rect x="4517" y="1053" width="23" height="22" />
			<rect x="4389" y="1198" width="47" height="39" />
			<rect x="4466" y="1211" width="32" height="25" />
			<rect x="4700" y="1108" width="17" height="18" />
			<rect x="4656" y="1127" width="26" height="13" />
			<rect x="4678" y="1162" width="25" height="25" />
			<rect x="4613" y="1196" width="23" height="22" />
			<rect x="4646" y="1212" width="14" height="17" />
			<rect x="4677" y="1214" width="26" height="22" />
			<rect x="4622" y="1316" width="22" height="24" />
			<rect x="4487" y="1353" width="59" height="21" />
			<rect x="4477" y="1374" width="69" height="35" />
			<rect x="4659" y="1387" width="40" height="40" />
			<rect x="4549" y="1482" width="29" height="27" />
			<rect x="4405" y="1451" width="23" height="23" />
			<rect x="4483" y="1468" width="21" height="13" />
			<go x="4442" y="1172" z="0" />
			<music name="Moonglow" />
			<zrange min="0" />
			<region>
				<rect x="4384" y="1152" width="8" height="24" />
				<rect x="4392" y="1160" width="16" height="8" />
				<rect x="4400" y="1152" width="8" height="8" />
				<rect x="4480" y="1056" width="8" height="16" />
				<rect x="4488" y="1060" width="4" height="8" />
				<rect x="4476" y="1060" width="4" height="8" />
				<zrange min="0" />
				<logoutDelay active="false" />
			</region>
		</region>
		<region type="TownRegion" priority="50" name="Magincia">
			<rect x="3653" y="2046" width="27" height="48" />
			<rect x="3752" y="2046" width="52" height="48" />
			<rect x="3680" y="2045" width="72" height="49" />
			<rect x="3652" y="2094" width="160" height="180" />
			<rect x="3649" y="2256" width="54" height="47" />
			<go x="3714" y="2220" z="20" />
			<music name="Magincia" />
			<region>
				<rect x="3680" y="2152" width="24" height="8" />
				<rect x="3720" y="2216" width="16" height="16" />
				<logoutDelay active="false" />
			</region>
		</region>
		<region type="TownRegion" priority="50" name="Buccaneer's Den">
			<rect x="2612" y="2057" width="164" height="210" />
			<rect x="2604" y="2065" width="8" height="189" zmin="0" />
			<go x="2706" y="2163" z="0" />
			<music name="Bucsden" />
			<guards disabled="true" />
			<region>
				<rect x="2712" y="2080" width="16" height="16" />
				<rect x="2712" y="2096" width="8" height="8" />
				<rect x="2664" y="2232" width="24" height="8" />
				<rect x="2672" y="2240" width="16" height="8" />
				<logoutDelay active="false" />
			</region>
		</region>
		<region type="DungeonRegion" priority="50" name="Covetous">
			<rect x="5376" y="1793" width="201" height="255" />
			<rect x="5576" y="1791" width="57" height="257" />
			<go x="5456" y="1862" z="0" />
			<music name="Dungeon9" />
			<entrance x="2499" y="916" />
		</region>
		<region type="DungeonRegion" priority="50" name="Deceit">
			<rect x="5122" y="518" width="248" height="252" />
			<go x="5187" y="635" z="0" />
			<music name="Dungeon9" />
			<entrance x="4111" y="429" />
		</region>
		<region type="DungeonRegion" priority="50" name="Despise">
			<rect x="5377" y="516" width="254" height="506" />
			<go x="5501" y="570" z="59" />
			<music name="Dungeon9" />
			<entrance x="1296" y="1082" />
		</region>
		<region type="DungeonRegion" priority="50" name="Destard">
			<rect x="5120" y="770" width="251" height="258" />
			<go x="5243" y="1004" z="0" />
			<music name="Dungeon9" />
			<entrance x="1176" y="2635" />
		</region>
		<region type="DungeonRegion" priority="50" name="Hythloth">
			<rect x="5898" y="2" width="238" height="244" />
			<go x="5905" y="22" z="44" />
			<music name="Dungeon9" />
			<entrance x="4722" y="3814" />
		</region>
		<region type="DungeonRegion" priority="50" name="Khaldun">
			<rect x="5381" y="1284" width="247" height="225" />
			<go x="5571" y="1302" z="0" />
			<music name="Dungeon9" />
			<entrance x="5882" y="3819" />
		</region>
		<region type="Jail" priority="50" name="Jail">
			<rect x="5271" y="1159" width="41" height="33" />
			<go x="5275" y="1163" z="0" />
		</region>
		<region type="GreenAcres" priority="1" name="Green Acres">
			<rect x="5376" y="512" width="767" height="767" />
			<go x="5445" y="1153" z="0" />
		</region>
		<region type="DungeonRegion" priority="50" name="Shame">
			<rect x="5377" y="2" width="257" height="260" />
			<rect x="5635" y="2" width="260" height="124" />
			<go x="5395" y="126" z="0" />
			<music name="Dungeon9" />
			<entrance x="512" y="1559" />
		</region>
		<region type="DungeonRegion" priority="50" name="Wrong">
			<rect x="5633" y="511" width="253" height="510" />
			<go x="5825" y="599" z="0" />
			<music name="Dungeon9" />
			<entrance x="2042" y="226" />
		</region>
		<region priority="50" name="Cave 1">
			<rect x="2373" y="900" width="22" height="28" />
			<rect x="2395" y="903" width="14" height="16" />
			<rect x="2373" y="928" width="10" height="9" />
			<rect x="2359" y="927" width="14" height="18" />
			<go x="2367" y="942" z="0" />
		</region>
		<region priority="50" name="Cave 2">
			<rect x="1887" y="354" width="33" height="23" />
			<go x="1903" y="365" z="0" />
		</region>
		<region priority="50" name="Cave 3">
			<rect x="1925" y="307" width="18" height="18" />
			<go x="1934" y="316" z="0" />
		</region>
		<region priority="50" name="Cave 4">
			<rect x="2323" y="809" width="45" height="42" />
			<go x="2345" y="830" z="0" />
		</region>
		<region priority="50" name="Britain Mine 1">
			<rect x="1436" y="1215" width="29" height="37" />
			<go x="1443" y="1228" z="0" />
		</region>
		<region priority="50" name="Britain Mine 2">
			<rect x="1611" y="1175" width="51" height="29" />
			<go x="1629" y="1189" z="0" />
		</region>
		<region priority="50" name="Minoc Cave 1">
			<rect x="2406" y="168" width="22" height="16" />
			<go x="2426" y="177" z="0" />
		</region>
		<region priority="50" name="Minoc Cave 2">
			<rect x="2418" y="81" width="24" height="32" />
			<go x="2440" y="94" z="0" />
		</region>
		<region priority="50" name="Minoc Cave 3">
			<rect x="2447" y="39" width="42" height="28" />
			<go x="2471" y="64" z="0" />
		</region>
		<region priority="50" name="Minoc Mine">
			<rect x="2556" y="501" width="6" height="3" />
			<rect x="2556" y="474" width="26" height="27" />
			<go x="2558" y="499" z="0" />
		</region>
		<region priority="50" name="Avatar Isle Cave">
			<rect x="4594" y="3807" width="23" height="17" />
			<go x="4605" y="3815" z="0" />
		</region>
		<region priority="50" name="Ice Isle Cave 1">
			<rect x="4018" y="421" width="49" height="49" />
			<go x="4054" y="440" z="3" />
		</region>
		<region priority="50" name="Ice Isle Cave 2">
			<rect x="4002" y="310" width="43" height="41" />
			<rect x="4005" y="298" width="22" height="12" />
			<go x="4030" y="325" z="0" />
		</region>
		<region priority="50" name="North Territory Cave">
			<rect x="1973" y="251" width="21" height="23" />
			<go x="1984" y="262" z="8" />
		</region>
		<region priority="50" name="Yew Cave">
			<rect x="766" y="1683" width="12" height="14" />
			<go x="773" y="1684" z="0" />
		</region>
		<region priority="50" name="North Territory Mine 1">
			<rect x="1713" y="1055" width="40" height="25" />
			<go x="1723" y="1065" z="0" />
		</region>
		<region priority="50" name="North Territory Mine 2">
			<rect x="1604" y="958" width="46" height="51" />
			<go x="1638" y="974" z="0" />
		</region>
		<region priority="50" name="Mt Kendall">
			<rect x="2552" y="448" width="71" height="59" />
			<rect x="2547" y="380" width="43" height="68" />
			<rect x="2590" y="413" width="33" height="35" />
			<go x="2593" y="477" z="60" />
		</region>
		<region priority="50" name="Covetous Mine">
			<rect x="2429" y="866" width="19" height="45" />
			<rect x="2448" y="879" width="27" height="28" />
			<rect x="2456" y="907" width="19" height="34" />
			<go x="2445" y="880" z="0" />
		</region>
		<region type="DungeonRegion" priority="50" name="Terathan Keep">
			<rect x="5404" y="3099" width="77" height="68" />
			<rect x="5120" y="1530" width="254" height="258" />
			<go x="5451" y="3143" z="-60" />
			<music name="Dungeon9" />
			<entrance x="5426" y="3120" />
		</region>
		<region type="DungeonRegion" priority="50" name="Fire">
			<rect x="5635" y="1285" width="245" height="235" />
			<go x="5760" y="2908" z="15" />
			<music name="Dungeon9" />
			<entrance x="2922" y="3402" />
		</region>
		<region type="DungeonRegion" priority="50" name="Ice">
			<rect x="5668" y="130" width="220" height="138" />
			<rect x="5800" y="319" width="63" height="65" />
			<rect x="5654" y="300" width="54" height="40" />
			<go x="5210" y="2322" z="30" />
			<music name="Dungeon9" />
			<entrance x="1996" y="80" />
		</region>
		<region type="TownRegion" priority="50" name="Delucia">
			<rect x="5123" y="3942" width="192" height="122" />
			<rect x="5147" y="4064" width="125" height="20" />
			<rect x="5235" y="3930" width="80" height="12" />
			<go x="5228" y="3978" z="37" />
			<region>
				<rect x="5194" y="4053" width="10" height="20" />
				<logoutDelay active="false" />
			</region>
		</region>
		<region type="TownRegion" priority="50" name="Papua">
			<rect x="5639" y="3095" width="192" height="223" />
			<rect x="5831" y="3237" width="20" height="30" />
			<go x="5769" y="3176" z="0" />
			<region>
				<rect x="5757" y="3150" width="24" height="24" />
				<logoutDelay active="false" />
			</region>
		</region>
		<region type="NoHousingRegion" priority="50" name="Wrong Entrance">
			<rect x="1939" y="215" width="134" height="137" />
			<go x="2043" y="236" z="13" />
			<music name="Mountn_a" />
		</region>
		<region type="NoHousingRegion" priority="50" name="Covetous Entrance">
			<rect x="2433" y="846" width="128" height="128" />
			<go x="2499" y="918" z="0" />
			<music name="Vesper" />
		</region>
		<region type="NoHousingRegion" priority="50" name="Despise Entrance">
			<rect x="1289" y="1064" width="32" height="37" />
			<go x="1298" y="1081" z="0" />
		</region>
		<region type="NoHousingRegion" priority="50" name="Despise Passage">
			<rect x="1338" y="1060" width="51" height="62" />
			<rect x="1354" y="1122" width="42" height="121" />
			<rect x="1349" y="1122" width="5" height="102" />
			<go x="1380" y="1114" z="0" />
		</region>
		<region type="DungeonRegion" priority="50" name="Misc Dungeons">
			<rect x="5886" y="1281" width="257" height="254" />
			<go x="6032" y="1499" z="0" />
			<music name="Dungeon9" />
			<entrance x="1492" y="1641" />
		</region>
		<region type="DungeonRegion" priority="50" name="Orc Cave">
			<rect x1="5281" y1="1283" x2="5373" y2="1386" />
			<rect x1="5267" y1="1955" x2="5364" y2="2046" />
			<rect x1="5127" y1="1941" x2="5164" y2="2024" />
			<go x="5137" y="2015" z="0" />
			<music name="Dungeon9" />
			<entrance x="1014" y="1434" />
		</region>
		<!-- Farm fields outside towns -->
		<region priority="50" name="A Cotton Field in Moonglow">
			<rune name="A Cotton Field in Moonglow" />
			<rect x="4557" y="1471" width="20" height="10" />
			<go x="4567" y="1475" z="0" />
			<spawning>
				<object id="300" type="FarmableCotton" minSpawnTime="PT10S" maxSpawnTime="PT30S" amount="8" />
			</spawning>
		</region>
		<region priority="50" name="A Wheatfield in Skara Brae 1">
			<rune name="A Wheatfield in Skara Brae" />
			<rect x="796" y="2152" width="36" height="24" />
			<go x="813" y="2163" z="0" />
			<spawning>
				<object id="306" type="FarmableWheat" minSpawnTime="PT10S" maxSpawnTime="PT30S" amount="6" />
			</spawning>
		</region>
		<region priority="50" name="A Carrot Field in Skara Brae">
			<rect x="816" y="2251" width="16" height="8" />
			<go x="823" y="2254" z="0" />
			<spawning>
				<object id="307" type="FarmableCarrot" minSpawnTime="PT10S" maxSpawnTime="PT30S" amount="6" />
			</spawning>
		</region>
		<region priority="50" name="An Onion Field in Skara Brae">
			<rect x="816" y="2261" width="16" height="8" />
			<go x="823" y="2264" z="0" />
			<spawning>
				<object id="308" type="FarmableOnion" minSpawnTime="PT10S" maxSpawnTime="PT30S" amount="6" />
			</spawning>
		</region>
		<region priority="50" name="A Cabbage Field in Skara Brae 1">
			<rect x="816" y="2271" width="16" height="8" />
			<go x="823" y="2264" z="0" />
			<spawning>
				<object id="309" type="FarmableCabbage" minSpawnTime="PT10S" maxSpawnTime="PT30S" amount="6" />
			</spawning>
		</region>
		<region priority="50" name="A Cabbage Field in Skara Brae 2">
			<rect x="816" y="2281" width="16" height="8" />
			<go x="823" y="2274" z="0" />
			<spawning>
				<object id="310" type="FarmableCabbage" minSpawnTime="PT10S" maxSpawnTime="PT30S" amount="6" />
			</spawning>
		</region>
		<region priority="50" name="A Wheatfield in Skara Brae 2">
			<rect x="835" y="2344" width="16" height="16" />
			<go x="843" y="2352" z="0" />
			<spawning>
				<object id="311" type="FarmableWheat" minSpawnTime="PT10S" maxSpawnTime="PT30S" amount="6" />
			</spawning>
		</region>
		<region priority="50" name="A Cotton Field in Skara Brae">
			<rect x="816" y="2344" width="16" height="24" />
			<go x="823" y="2355" z="0" />
			<spawning>
				<object id="312" type="FarmableCotton" minSpawnTime="PT10S" maxSpawnTime="PT30S" amount="6" />
			</spawning>
		</region>
	</Facet>
	<Facet name="Trammel">
		<region type="GuardedRegion" priority="50" name="Moongates">
			<!-- britain -->
			<rect x="1330" y="1991" width="13" height="13" />
			<!-- jhelom -->
			<rect x="1494" y="3767" width="12" height="11" />
			<!-- minoc -->
			<rect x="2694" y="685" width="15" height="16" />
			<!-- haven -->
			<rect x="3759" y="2767" width="10" height="10" />
			<!-- trinsic -->
			<rect x="1823" y="2943" width="11" height="11" />
			<!-- yew -->
			<rect x="761" y="741" width="19" height="21" />
			<!-- skara brae -->
			<rect x="638" y="2062" width="12" height="11" />
			<!-- moonglow -->
			<rect x="4459" y="1276" width="16" height="16" />
			<!-- magincia -->
			<rect x="3554" y="2132" width="18" height="18" />
		</region>
		<region type="TownRegion" priority="50" name="Cove">
			<rect x="2200" y="1110" width="50" height="50" />
			<rect x="2200" y="1160" width="86" height="86" />
			<go x="2275" y="1210" z="0" />
			<music name="Cove" />
			<zrange min="0" />
		</region>
		<region type="TownRegion" priority="50" name="Britain">
			<rect x="1416" y="1498" width="324" height="279" zmin="-10" />
			<rect x="1500" y="1408" width="46" height="90" />
			<rect x="1385" y="1538" width="31" height="239" zmin="-10" />
			<rect x="1416" y="1777" width="324" height="60" />
			<rect x="1385" y="1777" width="31" height="130" />
			<rect x="1093" y="1538" width="292" height="369" />
			<go x="1495" y="1629" z="10" />
			<music name="Britain1" />
			<zrange min="0" />
			<region>
				<rect x="1492" y="1602" width="8" height="19" />
				<rect x="1500" y="1610" width="8" height="16" />
				<rect x="1576" y="1584" width="24" height="16" />
				<rect x="1456" y="1512" width="16" height="16" />
				<rect x="1472" y="1512" width="8" height="8" />
				<rect x="1424" y="1712" width="8" height="24" />
				<rect x="1432" y="1712" width="8" height="12" />
				<rect x="1486" y="1684" width="8" height="8" />
				<rect x="1494" y="1676" width="8" height="24" />
				<rect x="1608" y="1584" width="24" height="8" />
				<rect x="1616" y="1576" width="8" height="8" />
				<rect x="1544" y="1760" width="16" height="16" />
				<rect x="1560" y="1760" width="8" height="8" />
				<zrange min="0" />
				<logoutDelay active="false" />
			</region>
			<region name="A Wheatfield in Britain 1">
				<rect x="1120" y="1776" width="32" height="32" />
				<go x="1135" y="1791" z="0" />
				<spawning>
					<object id="313" type="FarmableWheat" minSpawnTime="PT10S" maxSpawnTime="PT30S" amount="8" />
				</spawning>
			</region>
			<region name="A Wheatfield in Britain 2">
				<rect x="1184" y="1808" width="32" height="32" />
				<go x="1199" y="1823" z="0" />
				<spawning>
					<object id="314" type="FarmableWheat" minSpawnTime="PT10S" maxSpawnTime="PT30S" amount="8" />
				</spawning>
			</region>
			<region name="A Wheatfield in Britain 3">
				<rect x="1216" y="1872" width="32" height="32" />
				<go x="1231" y="1887" z="0" />
				<spawning>
					<object id="315" type="FarmableWheat" minSpawnTime="PT10S" maxSpawnTime="PT30S" amount="8" />
				</spawning>
			</region>
			<region name="A Carrot Field in Britain 1">
				<rect x="1208" y="1712" width="16" height="24" />
				<go x="1215" y="1723" z="0" />
				<spawning>
					<object id="316" type="FarmableCarrot" minSpawnTime="PT10S" maxSpawnTime="PT30S" amount="8" />
				</spawning>
			</region>
			<region name="An Onion Field in Britain 1">
				<rect x="1224" y="1712" width="16" height="24" />
				<go x="1231" y="1723" z="0" />
				<spawning>
					<object id="317" type="FarmableOnion" minSpawnTime="PT10S" maxSpawnTime="PT30S" amount="8" />
				</spawning>
			</region>
			<region name="A Cabbage Field in Britain 1">
				<rect x="1176" y="1672" width="16" height="23" />
				<go x="1183" y="1683" z="0" />
				<spawning>
					<object id="318" type="FarmableCabbage" minSpawnTime="PT10S" maxSpawnTime="PT30S" amount="8" />
				</spawning>
			</region>
			<region name="A Turnip Field in Britain 1">
				<rect x="1192" y="1672" width="16" height="24" />
				<go x="1199" y="1683" z="0" />
				<spawning>
					<object id="319" type="FarmableTurnip" minSpawnTime="PT10S" maxSpawnTime="PT30S" amount="8" />
				</spawning>
			</region>
			<region name="A Wheatfield in Britain 4">
				<rect x="1104" y="1608" width="32" height="32" />
				<go x="1120" y="1624" z="0" />
				<spawning>
					<object id="320" type="FarmableWheat" minSpawnTime="PT10S" maxSpawnTime="PT30S" amount="8" />
				</spawning>
			</region>
			<region name="A Wheatfield in Britain 5">
				<rect x="1136" y="1560" width="32" height="32" />
				<go x="1152" y="1576" z="0" />
				<spawning>
					<object id="321" type="FarmableWheat" minSpawnTime="PT10S" maxSpawnTime="PT30S" amount="8" />
				</spawning>
			</region>
			<region name="A Turnip Field in Britain 2">
				<rect x="1208" y="1592" width="16" height="24" />
				<go x="1216" y="1604" z="0" />
				<spawning>
					<object id="322" type="FarmableTurnip" minSpawnTime="PT10S" maxSpawnTime="PT30S" amount="6" />
				</spawning>
			</region>
			<region name="A Carrot Field in Britain 2">
				<rect x="1224" y="1592" width="16" height="24" />
				<go x="1232" y="1604" z="0" />
				<spawning>
					<object id="323" type="FarmableCarrot" minSpawnTime="PT10S" maxSpawnTime="PT30S" amount="6" />
				</spawning>
			</region>
		</region>
		<region type="NoHousingRegion" priority="50" name="Britain Graveyard">
			<rect x="1333" y="1441" width="84" height="82" />
			<go x="1384" y="1492" z="10" />
		</region>
		<region type="NoHousingRegion" priority="50" name="Jhelom Islands">
			<rect x="1111" y="3567" width="33" height="21" />
			<rect x="1078" y="3588" width="124" height="121" />
			<rect x="1224" y="3592" width="309" height="473" />
			<go x="1383" y="3815" z="0" />
			<music name="Jhelom" />
			<region type="TownRegion" name="Jhelom">
				<rect x="1303" y="3670" width="189" height="225" />
				<rect x="1338" y="3895" width="74" height="28" />
				<rect x="1383" y="3951" width="109" height="94" />
				<go x="1383" y="3815" z="0" />
				<music name="Jhelom" />
				<zrange min="-20" />
				<region>
					<rect x="1352" y="3800" width="16" height="32" />
					<rect x="1368" y="3808" width="8" height="16" />
					<rect x="1432" y="3768" width="32" height="8" />
					<rect x="1440" y="3776" width="24" height="8" />
					<zrange min="-20" />
					<logoutDelay active="false" />
				</region>
			</region>
		</region>
		<region type="TownRegion" priority="50" name="Minoc">
			<rect x="2411" y="366" width="135" height="241" />
			<rect x="2548" y="495" width="72" height="55" />
			<rect x="2564" y="585" width="3" height="42" />
			<rect x="2567" y="585" width="61" height="61" />
			<rect x="2499" y="627" width="68" height="63" />
			<go x="2466" y="544" z="0" />
			<music name="Minoc" />
			<region>
				<rect x="2457" y="397" width="40" height="8" />
				<rect x="2465" y="405" width="8" height="8" />
				<rect x="2481" y="405" width="8" height="8" />
				<logoutDelay active="false" />
			</region>
		</region>
		<region type="NoHousingRegion" priority="50" name="Haven Island">
			<rect x="3314" y="2345" width="500" height="750" />
			<go x="3627" y="2606" z="0" />
			<smartNoHousing active="true" />
			<region type="TownRegion" name="New Haven">
				<rune name="New Haven City" />
				<rect x="3423" y="2480" width="111" height="143" />
				<go x="3503" y="2574" z="14" />
				<music name="Ocllo" />
			</region>
			<!--
			<region type="TownRegion" name="Haven">
				<rune name="Haven City" />
				<rect x="3590" y="2460" width="118" height="225" />
				<rect x="3568" y="2552" width="22" height="79" />
				<rect x="3708" y="2558" width="53" height="154" />
				<rect x="3695" y="2685" width="13" height="27" />
				<go x="3650" y="2519" z="0" />
				<music name="Ocllo" />
				<spawning>
					<group id="31" name="Escortables" amount="7" />
					<group id="32" name="TownAnimals" amount="10" />
					<object id="33" type="Guardian" amount="5" />
				</spawning>
				<region name="the Woodsman in Haven">
					<rune name="the Woodsman in Haven" />
					<rect x="3736" y="2680" width="8" height="16" />
					<rect x="3744" y="2680" width="8" height="8" />
					<spawning excludeFromParent="true">
						<object id="0" type="Ranger" amount="2" />
						<object id="1" type="Farmer" amount="2" />
					</spawning>
				</region>
				<region name="the Prime Cut Butcher Shop in Haven">
					<rune name="the Prime Cut Butcher Shop in Haven" />
					<rect x="3704" y="2648" width="16" height="8" />
					<spawning excludeFromParent="true">
						<object id="2" type="Cook" amount="1" />
					</spawning>
				</region>
				<region>
					<rune name="a farm in Haven" />
					<rect x="3728" y="2632" width="8" height="8" />
					<spawning excludeFromParent="true">
						<object id="3" type="Farmer" amount="2" />
					</spawning>
				</region>
				<region>
					<rune name="a farm in Haven" />
					<rect x="3704" y="2584" width="8" height="8" />
					<spawning excludeFromParent="true">
						<object id="4" type="Farmer" amount="2" />
					</spawning>
				</region>
				<region>
					<rune name="a farm in Haven" />
					<rect x="3736" y="2561" width="8" height="7" />
					<spawning excludeFromParent="true">
						<object id="5" type="Farmer" amount="2" />
					</spawning>
				</region>
				<region name="Mapmakers of Haven">
					<rune name="Mapmakers of Haven" />
					<rect x="3624" y="2632" width="16" height="8" />
					<spawning excludeFromParent="true">
						<object id="6" type="Mapmaker" amount="1" />
					</spawning>
				</region>
				<region name="The Haven Blacksmith">
					<rune name="The Haven Blacksmith" />
					<rect x="3641" y="2613" width="5" height="11" />
					<spawning excludeFromParent="true">
						<object id="7" type="Blacksmith" amount="1" />
						<object id="8" type="Armorer" amount="1" />
					</spawning>
				</region>
				<region name="the Second Bank of Haven">
					<rune name="the Second Bank of Haven" />
					<rect x="3615" y="2614" width="16" height="9" />
					<rect x="3615" y="2609" width="9" height="5" />
					<spawning excludeFromParent="true">
						<object id="9" type="Banker" amount="2" />
					</spawning>
				</region>
				<region name="Uzeraan's Mansion">
					<rune name="Uzeraan's Mansion" />
					<rect x="3583" y="2567" width="25" height="41" />
					<rect x="3608" y="2572" width="5" height="31" />
					<rect x="3572" y="2592" width="11" height="11" />
					<rect x="3575" y="2582" width="8" height="10" />
					<spawning excludeFromParent="true">
						<object id="34" type="ServantOfSemidar" amount="1">
							<home x="3577" y="2597" />
							<direction value="East" />
						</object>
						<object id="35" type="CapturedHordeMinion" amount="1">
							<home x="3601" y="2583" range="1" />
						</object>
					</spawning>
					<region>
						<rect x="3592" y="2595" width="20" height="4" />
						<rect x="3595" y="2599" width="17" height="3" />
						<rect x="3595" y="2602" width="12" height="5" />
						<spawning>
							<object id="36" type="Blacksmith" amount="1" />
						</spawning>
					</region>
				</region>
				<region name="Last Chance Provisioners in Haven">
					<rune name="Last Chance Provisioners in Haven" />
					<rect x="3666" y="2592" width="15" height="8" />
					<rect x="3673" y="2587" width="8" height="5" />
					<spawning excludeFromParent="true">
						<object id="10" type="Provisioner" amount="1" />
					</spawning>
				</region>
				<region name="the Healers of Haven">
					<rune name="the Healers of Haven" />
					<rect x="3659" y="2577" width="15" height="7" />
					<rect x="3661" y="2576" width="11" height="1" />
					<rect x="3663" y="2575" width="7" height="1" />
					<rect x="3661" y="2584" width="11" height="1" />
					<rect x="3663" y="2585" width="7" height="1" />
					<spawning excludeFromParent="true">
						<object id="11" type="Healer" amount="2" />
					</spawning>
				</region>
				<region name="The Little Shop of Magic in Haven">
					<rune name="The Little Shop of Magic in Haven" />
					<rect x="3623" y="2565" width="19" height="12" />
					<rect x="3623" y="2577" width="5" height="4" />
					<rect x="3637" y="2577" width="5" height="4" />
					<spawning excludeFromParent="true">
						<object id="12" type="Mage" amount="4" />
						<object id="13" type="Alchemist" amount="1" />
						<object id="14" type="Herbalist" amount="1" />
					</spawning>
					<region>
						<rect x="3628" y="2569" width="7" height="4" />
						<spawning excludeFromParent="true" />
					</region>
				</region>
				<region name="The Shakin' Bakery in Haven">
					<rune name="The Shakin' Bakery in Haven" />
					<rect x="3624" y="2528" width="8" height="24" />
					<rect x="3632" y="2528" width="8" height="8" />
					<rect x="3632" y="2544" width="8" height="8" />
					<spawning excludeFromParent="true">
						<object id="15" type="Cook" amount="1" />
					</spawning>
				</region>
				<region name="the Bardic Guild in Haven">
					<rune name="the Bardic Guild in Haven" />
					<rect x="3672" y="2528" width="7" height="16" />
					<rect x="3655" y="2528" width="17" height="8" />
					<spawning excludeFromParent="true">
						<object id="16" type="Bard" amount="3" />
						<object id="17" type="BardGuildmaster" amount="1" />
					</spawning>
				</region>
				<region>
					<rect x="3600" y="2504" width="16" height="8" />
					<rect x="3608" y="2496" width="8" height="8" />
					<spawning excludeFromParent="true" />
				</region>
				<region name="Carpenters of Haven">
					<rune name="Carpenters of Haven" />
					<rect x="3632" y="2496" width="16" height="8" />
					<rect x="3640" y="2504" width="8" height="8" />
					<spawning excludeFromParent="true">
						<object id="18" type="Carpenter" amount="4" />
					</spawning>
				</region>
				<region name="Haven Clockworks and Tinker Shop">
					<rune name="Haven Clockworks and Tinker Shop" />
					<rect x="3656" y="2504" width="16" height="8" />
					<rect x="3664" y="2495" width="8" height="9" />
					<spawning excludeFromParent="true">
						<object id="19" type="Tinker" amount="1" />
					</spawning>
				</region>
				<region name="The Haven Thieves' Guild">
					<rune name="The Haven Thieves' Guild" />
					<rect x="3688" y="2504" width="8" height="16" />
					<rect x="3696" y="2504" width="8" height="8" />
					<spawning excludeFromParent="true">
						<object id="20" type="Thief" amount="1" />
						<object id="21" type="ThiefGuildmaster" amount="1" />
					</spawning>
				</region>
				<region name="A Stitch in Time in Haven">
					<rune name="A Stitch in Time in Haven" />
					<rect x="3688" y="2464" width="8" height="24" />
					<rect x="3680" y="2472" width="24" height="8" />
					<spawning excludeFromParent="true">
						<object id="22" type="Tailor" amount="3" />
					</spawning>
				</region>
				<region>
					<rect x="3640" y="2464" width="16" height="8" />
					<rect x="3648" y="2472" width="8" height="8" />
					<spawning excludeFromParent="true" />
				</region>
				<region name="the Haven Public Library">
					<rune name="the Haven Public Library" />
					<rect x="3608" y="2464" width="8" height="16" />
					<rect x="3616" y="2472" width="8" height="8" />
					<spawning excludeFromParent="true">
						<object id="23" type="Scribe" amount="2" />
					</spawning>
				</region>
				<region name="The Bountiful Harvest Inn in Haven">
					<rune name="The Bountiful Harvest Inn in Haven" />
					<rect x="3664" y="2608" width="16" height="16" />
					<logoutDelay active="false" />
					<spawning excludeFromParent="true">
						<object id="24" type="InnKeeper" amount="2" />
					</spawning>
				</region>
				<region name="The Albatross Bar and Grill in Haven">
					<rune name="The Albatross Bar and Grill in Haven" />
					<rect x="3664" y="2640" width="8" height="16" />
					<rect x="3672" y="2648" width="8" height="8" />
					<music name="Tavern01" />
					<logoutDelay active="false" />
					<spawning excludeFromParent="true">
						<object id="25" type="TavernKeeper" amount="2" />
						<object id="26" type="Barkeeper" amount="2" />
					</spawning>
				</region>
				<region name="the Proving Grounds in Haven">
					<rune name="the Proving Grounds in Haven" />
					<rect x="3728" y="2575" width="8" height="17" />
					<rect x="3736" y="2575" width="1" height="7" />
					<spawning excludeFromParent="true" />
				</region>
				<region name="the Bullseye Marksmen in Haven">
					<rune name="the Bullseye Marksmen in Haven" />
					<rect x="3742" y="2575" width="8" height="11" />
					<spawning>
						<object id="27" type="Bowyer" amount="1" />
					</spawning>
				</region>
				<region name="the docks in Haven">
					<rune name="the docks in Haven" />
					<rect x="3645" y="2657" width="27" height="9" />
					<rect x="3645" y="2666" width="6" height="18" />
					<rect x="3659" y="2666" width="6" height="18" />
					<spawning>
						<object id="28" type="Fisherman" amount="5" />
						<object id="29" type="Rat" amount="3" />
					</spawning>
				</region>
				<region name="the Mystic Mines of Haven">
					<rune name="the Mystic Mines of Haven" />
					<rect x="3752" y="2698" width="5" height="9" />
					<spawning>
						<object id="30" type="Miner" amount="2" />
					</spawning>
				</region>
			</region>
			-->
		</region>
		<region type="TownRegion" priority="50" name="Trinsic">
			<rect x="1856" y="2636" width="75" height="28" />
			<rect x="1816" y="2664" width="283" height="231" />
			<rect x="2099" y="2782" width="18" height="25" />
			<rect x="1970" y="2895" width="47" height="32" />
			<rect x="1796" y="2696" width="20" height="67" zmin="0" />
			<rect x="1800" y="2796" width="16" height="52" zmin="0" />
			<go x="1867" y="2780" z="0" />
			<music name="Trinsic" />
			<region>
				<rect x="1834" y="2728" width="22" height="16" />
				<rect x="2024" y="2784" width="16" height="20" />
				<rect x="2026" y="2804" width="14" height="2" />
				<rect x="2024" y="2806" width="16" height="7" />
				<rect x="1923" y="2786" width="12" height="22" />
				<rect x="1935" y="2786" width="7" height="14" />
				<logoutDelay active="false" />
			</region>
		</region>
		<region type="TownRegion" priority="50" name="Vesper">
			<rect x="2893" y="598" width="121" height="50" />
			<rect x="2816" y="648" width="249" height="365" />
			<rect x="2734" y="944" width="82" height="4" />
			<rect x="2728" y="948" width="88" height="53" />
			<go x="2899" y="676" z="0" />
			<music name="Vesper" />
			<region>
				<rect x="2952" y="864" width="16" height="32" />
				<rect x="2968" y="872" width="8" height="16" />
				<rect x="2776" y="952" width="16" height="32" />
				<rect x="2768" y="960" width="8" height="16" />
				<rect x="2892" y="901" width="16" height="19" />
				<rect x="2908" y="904" width="8" height="8" />
				<logoutDelay active="false" />
			</region>
		</region>
		<region type="TownRegion" priority="50" name="Yew">
			<rect x="92" y="656" width="349" height="225" />
			<rect x="441" y="746" width="216" height="135" />
			<rect x="258" y="881" width="399" height="380" />
			<rect x="657" y="922" width="42" height="307" />
			<rect x="657" y="806" width="17" height="28" />
			<rect x="718" y="874" width="38" height="22" />
			<go x="546" y="992" z="0" />
			<music name="Yew" />
			<zrange min="0" max="39" />
			<region>
				<rect x="600" y="808" width="24" height="24" />
				<zrange min="0" max="39" />
				<logoutDelay active="false" />
			</region>
			<region name="A Field of Sheep in Yew 1">
				<rune name="A Field of Sheep in Yew" />
				<rect x="664" y="928" width="22" height="22" />
				<go x="675" y="939" z="0" />
				<spawning>
					<object id="401" type="Sheep" minSpawnTime="PT10S" maxSpawnTime="PT30S" amount="10" />
				</spawning>
			</region>
			<region name="A Field of Sheep in Yew 2">
				<rune name="A Field of Sheep in Yew" />
				<rect x="664" y="1168" width="22" height="22" />
				<go x="675" y="1179" z="0" />
				<spawning>
					<object id="402" type="Sheep" minSpawnTime="PT10S" maxSpawnTime="PT30S" amount="10" />
				</spawning>
			</region>
			<region name="A Farm in Yew">
				<rune name="A Farm in Yew" />
				<rect x="560" y="1088" width="22" height="22" />
				<go x="571" y="1099" z="0" />
				<spawning>
					<object id="403" type="Sheep" minSpawnTime="PT10S" maxSpawnTime="PT30S" amount="10" />
				</spawning>
			</region>
			<region name="A Wheatfield in Yew 1">
				<rune name="A Wheatfield in Yew" />
				<rect x="560" y="1232" width="16" height="16" />
				<go x="567" y="1239" z="0" />
				<spawning>
					<object id="404" type="FarmableWheat" minSpawnTime="PT10S" maxSpawnTime="PT30S" amount="5" />
				</spawning>
			</region>
			<region name="A Wheatfield in Yew 2">
				<rune name="A Wheatfield in Yew" />
				<rect x="368" y="1176" width="14" height="32" />
				<go x="375" y="1191" z="0" />
				<spawning>
					<object id="405" type="FarmableWheat" minSpawnTime="PT10S" maxSpawnTime="PT30S" amount="6" />
				</spawning>
			</region>
		</region>
		<region type="TownRegion" priority="50" name="Wind">
			<rect x="5294" y="19" width="72" height="120" />
			<rect x="5132" y="58" width="81" height="68" />
			<rect x="5197" y="126" width="55" height="78" />
			<rect x="5132" y="3" width="70" height="55" />
			<rect x="5252" y="112" width="42" height="58" />
			<rect x="5213" y="98" width="39" height="28" />
			<rect x="5279" y="57" width="15" height="55" />
			<rect x="5252" y="170" width="32" height="8" />
			<rect x="5286" y="25" width="8" height="32" />
			<rect x="5252" y="178" width="20" height="5" />
			<rect x="5252" y="183" width="10" height="10" />
			<go x="5223" y="190" z="5" />
			<music name="Wind" />
			<region>
				<rect x="5159" y="15" width="25" height="9" />
				<rect x="5159" y="24" width="9" height="16" />
				<rect x="5175" y="24" width="9" height="8" />
				<rect x="5212" y="159" width="9" height="24" />
				<rect x="5221" y="171" width="7" height="12" />
				<rect x="5206" y="164" width="6" height="15" />
				<rect x="5303" y="28" width="16" height="14" />
				<logoutDelay active="false" />
			</region>
		</region>
		<region type="TownRegion" priority="50" name="Serpent's Hold">
			<rect x="2868" y="3324" width="205" height="195" />
			<go x="3010" y="3371" z="15" />
			<music name="Serpents" />
			<zrange min="0" />
			<region>
				<rect x="2960" y="3400" width="16" height="16" />
				<rect x="2968" y="3416" width="8" height="16" />
				<rect x="3008" y="3450" width="14" height="14" />
				<zrange min="0" />
				<logoutDelay active="false" />
			</region>
		</region>
		<region type="TownRegion" priority="50" name="Skara Brae">
			<rect x="538" y="2107" width="150" height="190" />
			<go x="632" y="2233" z="0" />
			<music name="Skarabra" />
			<region>
				<rect x="600" y="2232" width="16" height="24" />
				<rect x="592" y="2240" width="8" height="16" />
				<rect x="616" y="2240" width="8" height="16" />
				<rect x="552" y="2168" width="16" height="24" />
				<rect x="568" y="2168" width="8" height="8" />
				<logoutDelay active="false" />
			</region>
		</region>
		<region type="TownRegion" priority="50" name="Nujel'm">
			<rect x="3475" y="1000" width="360" height="435" />
			<go x="3732" y="1279" z="0" />
			<music name="Nujelm" />
			<zrange min="0" />
			<region>
				<rect x="3736" y="1184" width="16" height="23" />
				<rect x="3728" y="1192" width="8" height="15" />
				<rect x="3728" y="1288" width="23" height="15" />
				<rect x="3728" y="1303" width="16" height="9" />
				<rect x="3728" y="1312" width="12" height="8" />
				<rect x="3728" y="1320" width="16" height="23" />
				<rect x="3744" y="1328" width="7" height="15" />
				<rect x="3760" y="1216" width="12" height="24" />
				<rect x="3772" y="1220" width="4" height="16" />
				<rect x="3776" y="1224" width="8" height="8" />
				<rect x="3728" y="1248" width="16" height="24" />
				<rect x="3744" y="1248" width="8" height="8" />
				<rect x="3744" y="1264" width="8" height="8" />
				<zrange min="0" />
				<logoutDelay active="false" />
			</region>
		</region>
		<region type="TownRegion" priority="50" name="Moonglow">
			<rect x="4535" y="844" width="20" height="3" />
			<rect x="4530" y="847" width="31" height="61" />
			<rect x="4521" y="914" width="56" height="49" />
			<rect x="4278" y="915" width="54" height="19" />
			<rect x="4283" y="944" width="53" height="73" />
			<rect x="4377" y="1015" width="59" height="37" zmin="-10" />
			<rect x="4367" y="1050" width="142" height="145" />
			<rect x="4539" y="1036" width="27" height="18" />
			<rect x="4517" y="1053" width="23" height="22" />
			<rect x="4389" y="1198" width="47" height="39" />
			<rect x="4466" y="1211" width="32" height="25" />
			<rect x="4700" y="1108" width="17" height="18" />
			<rect x="4656" y="1127" width="26" height="13" />
			<rect x="4678" y="1162" width="25" height="25" />
			<rect x="4613" y="1196" width="23" height="22" />
			<rect x="4646" y="1212" width="14" height="17" />
			<rect x="4677" y="1214" width="26" height="22" />
			<rect x="4622" y="1316" width="22" height="24" />
			<rect x="4487" y="1353" width="59" height="21" />
			<rect x="4477" y="1374" width="69" height="35" />
			<rect x="4659" y="1387" width="40" height="40" />
			<rect x="4549" y="1482" width="29" height="27" />
			<rect x="4405" y="1451" width="23" height="23" />
			<rect x="4483" y="1468" width="21" height="13" />
			<go x="4442" y="1172" z="0" />
			<music name="Moonglow" />
			<zrange min="0" />
			<region name="The Scholar's Inn">
				<rect x="4384" y="1152" width="8" height="24" />
				<rect x="4392" y="1160" width="16" height="8" />
				<rect x="4400" y="1152" width="8" height="8" />
				<rect x="4480" y="1056" width="8" height="16" />
				<rect x="4488" y="1060" width="4" height="8" />
				<rect x="4476" y="1060" width="4" height="8" />
				<zrange min="0" />
				<logoutDelay active="false" />
			</region>
		</region>
		<region type="TownRegion" priority="50" name="Magincia">
			<rect x="3653" y="2046" width="27" height="48" />
			<rect x="3752" y="2046" width="52" height="48" />
			<rect x="3680" y="2045" width="72" height="49" />
			<rect x="3652" y="2094" width="160" height="180" />
			<rect x="3649" y="2256" width="54" height="47" />
			<go x="3714" y="2220" z="20" />
			<music name="Magincia" />
			<region>
				<rect x="3680" y="2152" width="24" height="8" />
				<rect x="3720" y="2216" width="16" height="16" />
				<logoutDelay active="false" />
			</region>
		</region>
		<region type="TownRegion" priority="50" name="Buccaneer's Den">
			<rect x="2612" y="2057" width="164" height="210" />
			<rect x="2604" y="2065" width="8" height="189" zmin="0" />
			<go x="2706" y="2163" z="0" />
			<music name="BucsDen" />
			<guards disabled="true" />
			<region>
				<rect x="2712" y="2080" width="16" height="16" />
				<rect x="2712" y="2096" width="8" height="8" />
				<rect x="2664" y="2232" width="24" height="8" />
				<rect x="2672" y="2240" width="16" height="8" />
				<logoutDelay active="false" />
			</region>
		</region>
		<region type="DungeonRegion" priority="50" name="Covetous">
			<rect x="5376" y="1793" width="201" height="255" />
			<rect x="5576" y="1791" width="57" height="257" />
			<go x="5456" y="1862" z="0" />
			<music name="Dungeon9" />
			<entrance x="2499" y="916" />
		</region>
		<region type="DungeonRegion" priority="50" name="Deceit">
			<rect x="5122" y="518" width="248" height="252" />
			<go x="5187" y="635" z="0" />
			<music name="Dungeon9" />
			<entrance x="4111" y="429" />
		</region>
		<region type="DungeonRegion" priority="50" name="Despise">
			<rect x="5377" y="516" width="254" height="506" />
			<go x="5501" y="570" z="59" />
			<music name="Dungeon9" />
			<entrance x="1296" y="1082" />
		</region>
		<region type="DungeonRegion" priority="50" name="Destard">
			<rect x="5120" y="770" width="251" height="258" />
			<go x="5243" y="1004" z="0" />
			<music name="Dungeon9" />
			<entrance x="1176" y="2635" />
		</region>
		<region type="DungeonRegion" priority="50" name="Hythloth">
			<rect x="5898" y="2" width="238" height="244" />
			<go x="5905" y="22" z="44" />
			<music name="Dungeon9" />
			<entrance x="4722" y="3814" />
		</region>
		<region type="Jail" priority="50" name="Jail">
			<rect x="5271" y="1159" width="41" height="33" />
			<go x="5275" y="1163" z="0" />
		</region>
		<region type="GreenAcres" priority="1" name="Green Acres">
			<rect x="5376" y="512" width="767" height="767" />
			<go x="5445" y="1153" z="0" />
		</region>
		<region type="DungeonRegion" priority="50" name="Shame">
			<rect x="5377" y="2" width="257" height="260" />
			<rect x="5635" y="2" width="260" height="124" />
			<go x="5395" y="126" z="0" />
			<music name="Dungeon9" />
			<entrance x="512" y="1559" />
		</region>
		<region type="DungeonRegion" priority="50" name="Wrong">
			<rect x="5633" y="511" width="253" height="510" />
			<go x="5825" y="599" z="0" />
			<music name="Dungeon9" />
			<entrance x="2042" y="226" />
		</region>
		<region priority="50" name="Cave 1">
			<rect x="2373" y="900" width="22" height="28" />
			<rect x="2395" y="903" width="14" height="16" />
			<rect x="2373" y="928" width="10" height="9" />
			<rect x="2359" y="927" width="14" height="18" />
			<go x="2367" y="942" z="0" />
		</region>
		<region priority="50" name="Cave 2">
			<rect x="1887" y="354" width="33" height="23" />
			<go x="1903" y="365" z="0" />
		</region>
		<region priority="50" name="Cave 3">
			<rect x="1925" y="307" width="18" height="18" />
			<go x="1934" y="316" z="0" />
		</region>
		<region priority="50" name="Cave 4">
			<rect x="2323" y="809" width="45" height="42" />
			<go x="2345" y="830" z="0" />
		</region>
		<region priority="50" name="Britain Mine 1">
			<rect x="1436" y="1215" width="29" height="37" />
			<go x="1443" y="1228" z="0" />
		</region>
		<region priority="50" name="Britain Mine 2">
			<rect x="1611" y="1175" width="51" height="29" />
			<go x="1629" y="1189" z="0" />
		</region>
		<region priority="50" name="Minoc Cave 1">
			<rect x="2406" y="168" width="22" height="16" />
			<go x="2426" y="177" z="0" />
		</region>
		<region priority="50" name="Minoc Cave 2">
			<rect x="2418" y="81" width="24" height="32" />
			<go x="2440" y="94" z="0" />
		</region>
		<region priority="50" name="Minoc Cave 3">
			<rect x="2447" y="39" width="42" height="28" />
			<go x="2471" y="64" z="0" />
		</region>
		<region priority="50" name="Minoc Mine">
			<rect x="2556" y="501" width="6" height="3" />
			<rect x="2556" y="474" width="26" height="27" />
			<go x="2558" y="499" z="0" />
		</region>
		<region priority="50" name="Avatar Isle Cave">
			<rect x="4594" y="3807" width="23" height="17" />
			<go x="4605" y="3815" z="0" />
		</region>
		<region priority="50" name="Ice Isle Cave 1">
			<rect x="4018" y="421" width="49" height="49" />
			<go x="4054" y="440" z="3" />
		</region>
		<region priority="50" name="Ice Isle Cave 2">
			<rect x="4002" y="310" width="43" height="41" />
			<rect x="4005" y="298" width="22" height="12" />
			<go x="4030" y="325" z="0" />
		</region>
		<region priority="50" name="North Territory Cave">
			<rect x="1973" y="251" width="21" height="23" />
			<go x="1984" y="262" z="8" />
		</region>
		<region priority="50" name="Yew Cave">
			<rect x="766" y="1683" width="12" height="14" />
			<go x="773" y="1684" z="0" />
		</region>
		<region priority="50" name="North Territory Mine 1">
			<rect x="1713" y="1055" width="40" height="25" />
			<go x="1723" y="1065" z="0" />
		</region>
		<region priority="50" name="North Territory Mine 2">
			<rect x="1604" y="958" width="46" height="51" />
			<go x="1638" y="974" z="0" />
		</region>
		<region priority="50" name="Mt Kendall">
			<rect x="2552" y="448" width="71" height="59" />
			<rect x="2547" y="380" width="43" height="68" />
			<rect x="2590" y="413" width="33" height="35" />
			<go x="2593" y="477" z="60" />
		</region>
		<region priority="50" name="Covetous Mine">
			<rect x="2429" y="866" width="19" height="45" />
			<rect x="2448" y="879" width="27" height="28" />
			<rect x="2456" y="907" width="19" height="34" />
			<go x="2445" y="880" z="0" />
		</region>
		<region type="DungeonRegion" priority="50" name="Terathan Keep">
			<rect x="5404" y="3099" width="77" height="68" />
			<rect x="5120" y="1530" width="254" height="258" />
			<go x="5451" y="3143" z="-60" />
			<music name="Dungeon9" />
			<entrance x="5426" y="3120" />
		</region>
		<region type="DungeonRegion" priority="50" name="Fire">
			<rect x="5635" y="1285" width="245" height="235" />
			<go x="5760" y="2908" z="15" />
			<music name="Dungeon9" />
			<entrance x="2922" y="3402" />
		</region>
		<region type="DungeonRegion" priority="50" name="Ice">
			<rect x="5668" y="130" width="220" height="138" />
			<rect x="5800" y="319" width="63" height="65" />
			<rect x="5654" y="300" width="54" height="40" />
			<go x="5210" y="2322" z="30" />
			<music name="Dungeon9" />
			<entrance x="1996" y="80" />
		</region>
		<region type="TownRegion" priority="50" name="Delucia">
			<rect x="5123" y="3942" width="192" height="122" />
			<rect x="5147" y="4064" width="125" height="20" />
			<rect x="5235" y="3930" width="80" height="12" />
			<go x="5228" y="3978" z="37" />
			<region>
				<rect x="5194" y="4053" width="10" height="20" />
				<logoutDelay active="false" />
			</region>
		</region>
		<region type="TownRegion" priority="50" name="Papua">
			<rect x="5639" y="3095" width="192" height="223" />
			<rect x="5831" y="3237" width="20" height="30" />
			<go x="5769" y="3176" z="0" />
			<region>
				<rect x="5757" y="3150" width="24" height="24" />
				<logoutDelay active="false" />
			</region>
		</region>
		<region type="NoHousingRegion" priority="50" name="Wrong Entrance">
			<rect x="1939" y="215" width="134" height="137" />
			<go x="2043" y="236" z="13" />
			<music name="Mountn_a" />
		</region>
		<region type="NoHousingRegion" priority="50" name="Covetous Entrance">
			<rect x="2433" y="846" width="128" height="128" />
			<go x="2499" y="918" z="0" />
			<music name="Vesper" />
		</region>
		<region type="NoHousingRegion" priority="50" name="Despise Entrance">
			<rect x="1289" y="1064" width="32" height="37" />
			<go x="1298" y="1081" z="0" />
		</region>
		<region type="NoHousingRegion" priority="50" name="Despise Passage">
			<rect x="1338" y="1060" width="51" height="62" />
			<rect x="1354" y="1122" width="42" height="121" />
			<rect x="1349" y="1122" width="5" height="102" />
			<go x="1380" y="1114" z="0" />
		</region>
		<region type="DungeonRegion" priority="50" name="Misc Dungeons">
			<rect x="5886" y="1281" width="257" height="254" />
			<go x="6032" y="1499" z="0" />
			<music name="Dungeon9" />
			<entrance x="1492" y="1641" />
		</region>
		<region type="DungeonRegion" priority="50" name="Orc Cave">
			<rect x1="5281" y1="1283" x2="5373" y2="1386" />
			<rect x1="5267" y1="1955" x2="5364" y2="2046" />
			<rect x1="5127" y1="1941" x2="5164" y2="2024" />
			<go x="5137" y="2015" z="0" />
			<music name="Dungeon9" />
			<entrance x="1014" y="1434" />
		</region>
		<!-- Farm fields outside towns -->
		<region priority="50" name="A Cotton Field in Moonglow">
			<rune name="A Cotton Field in Moonglow" />
			<rect x="4557" y="1471" width="20" height="10" />
			<go x="4567" y="1475" z="0" />
			<spawning>
				<object id="400" type="FarmableCotton" minSpawnTime="PT10S" maxSpawnTime="PT30S" amount="8" />
			</spawning>
		</region>
		<region priority="50" name="A Wheatfield in Skara Brae 1">
			<rune name="A Wheatfield in Skara Brae" />
			<rect x="796" y="2152" width="36" height="24" />
			<go x="813" y="2163" z="0" />
			<spawning>
				<object id="406" type="FarmableWheat" minSpawnTime="PT10S" maxSpawnTime="PT30S" amount="6" />
			</spawning>
		</region>
		<region priority="50" name="A Carrot Field in Skara Brae">
			<rect x="816" y="2251" width="16" height="8" />
			<go x="823" y="2254" z="0" />
			<spawning>
				<object id="407" type="FarmableCarrot" minSpawnTime="PT10S" maxSpawnTime="PT30S" amount="6" />
			</spawning>
		</region>
		<region priority="50" name="An Onion Field in Skara Brae">
			<rect x="816" y="2261" width="16" height="8" />
			<go x="823" y="2264" z="0" />
			<spawning>
				<object id="408" type="FarmableOnion" minSpawnTime="PT10S" maxSpawnTime="PT30S" amount="6" />
			</spawning>
		</region>
		<region priority="50" name="A Cabbage Field in Skara Brae 1">
			<rect x="816" y="2271" width="16" height="8" />
			<go x="823" y="2264" z="0" />
			<spawning>
				<object id="409" type="FarmableCabbage" minSpawnTime="PT10S" maxSpawnTime="PT30S" amount="6" />
			</spawning>
		</region>
		<region priority="50" name="A Cabbage Field in Skara Brae 2">
			<rect x="816" y="2281" width="16" height="8" />
			<go x="823" y="2274" z="0" />
			<spawning>
				<object id="410" type="FarmableCabbage" minSpawnTime="PT10S" maxSpawnTime="PT30S" amount="6" />
			</spawning>
		</region>
		<region priority="50" name="A Wheatfield in Skara Brae 2">
			<rect x="835" y="2344" width="16" height="16" />
			<go x="843" y="2352" z="0" />
			<spawning>
				<object id="411" type="FarmableWheat" minSpawnTime="PT10S" maxSpawnTime="PT30S" amount="6" />
			</spawning>
		</region>
		<region priority="50" name="A Cotton Field in Skara Brae">
			<rect x="816" y="2344" width="16" height="24" />
			<go x="823" y="2355" z="0" />
			<spawning>
				<object id="412" type="FarmableCotton" minSpawnTime="PT10S" maxSpawnTime="PT30S" amount="6" />
			</spawning>
		</region>
	</Facet>
	<Facet name="Ilshenar">
		<region priority="37" name="Shrine of Valor">
			<rect x="512" y="200" width="32" height="32" />
			<go x="539" y="221" z="-36" />
		</region>
		<region priority="50" name="Chaos Shrine">
			<rect x="1736" y="224" width="24" height="24" />
			<go x="1748" y="236" z="0" />
		</region>
		<region priority="50" name="Shrine of Sacrifice">
			<rect x="1160" y="1280" width="32" height="16" />
			<go x="1196" y="1290" z="-25" />
		</region>
		<region priority="37" name="Shrine of Honesty">
			<rect x="712" y="1344" width="24" height="32" />
			<go x="725" y="1355" z="-61" />
		</region>
		<region priority="50" name="Shrine of Compassion">
			<rect x="1200" y="448" width="32" height="40" />
			<go x="1223" y="475" z="-16" />
		</region>
		<region priority="50" name="Shrine of Spirituality">
			<rect x="1520" y="1336" width="16" height="16" />
			<go x="1528" y="1344" z="0" />
		</region>
		<region priority="50" name="Shrine of Humility">
			<rect x="272" y="1008" width="24" height="16" />
			<go x="284" y="1016" z="0" />
		</region>
		<region priority="50" name="Shrine of Honor">
			<rect x="736" y="712" width="24" height="32" />
			<go x="748" y="728" z="0" />
		</region>
		<region priority="11" name="Terort Skitas">
			<rect x="528" y="376" width="96" height="88" />
			<go x="568" y="430" z="41" />
		</region>
		<region type="TownRegion" priority="50" name="Gargoyle City">
			<rect x="824" y="552" width="32" height="176" />
			<rect x="752" y="576" width="72" height="128" />
			<rect x="856" y="576" width="48" height="128" />
			<rect x="904" y="624" width="24" height="32" />
			<go x="840" y="571" z="0" />
			<region>
				<rect x="827" y="694" width="26" height="33" />
				<logoutDelay active="false" />
			</region>
		</region>
		<region priority="50" name="Pormir Harm">
			<rect x="736" y="480" width="32" height="24" />
			<go x="745" y="492" z="-66" />
			<music name="Stones2" />
		</region>
		<region priority="50" name="Pormir Felwis">
			<rect x="472" y="336" width="40" height="32" />
			<go x="472" y="352" z="-78" />
		</region>
		<region priority="50" name="Cyclops Temple">
			<rect x="880" y="1256" width="56" height="112" />
			<go x="901" y="1297" z="-71" />
		</region>
		<region priority="50" name="Rat Fort">
			<rect x="616" y="792" width="56" height="56" />
			<go x="642" y="845" z="-58" />
		</region>
		<region priority="50" name="Rat Fort Cellar">
			<rect x="160" y="736" width="32" height="32" />
			<go x="171" y="750" z="-28" />
		</region>
		<region priority="50" name="Entrance to Central Ilshenar 1">
			<rect x="1136" y="584" width="16" height="16" />
			<go x="1141" y="594" z="-80" />
		</region>
		<region priority="50" name="Entrance to Central Ilshenar 2">
			<rect x="1232" y="576" width="8" height="16" />
			<go x="1238" y="583" z="-19" />
		</region>
		<region type="TownRegion" priority="41" name="Montor">
			<rect x="1576" y="272" width="144" height="96" />
			<rect x="1616" y="200" width="80" height="72" />
			<rect x="1696" y="144" width="40" height="128" />
			<rect x="1736" y="144" width="32" height="64" />
			<go x="1646" y="319" z="48" />
			<guards disabled="true" />
		</region>
		<region priority="40" name="Termir Flam">
			<rect x="1520" y="368" width="232" height="128" />
			<rect x="1520" y="296" width="56" height="72" />
			<rect x="1752" y="440" width="24" height="40" />
			<go x="1636" y="432" z="0" />
		</region>
		<region type="TownRegion" priority="11" name="Ancient Citadel">
			<rect x="1448" y="496" width="104" height="104" />
			<go x="1516" y="542" z="85" />
			<guards disabled="true" />
		</region>
		<region type="TownRegion" priority="41" name="Alexandretta's Bowl">
			<rect x="1272" y="352" width="168" height="240" />
			<go x="1396" y="432" z="-17" />
			<guards disabled="true" />
		</region>
		<region priority="2" name="Entrance to Rock Dungeon">
			<rect x="1784" y="560" width="8" height="16" />
			<go x="1784" y="568" z="100" />
		</region>
		<region type="DungeonRegion" priority="2" name="Rock Dungeon">
			<rect x="2176" y="288" width="24" height="40" />
			<rect x="2088" y="8" width="160" height="176" />
			<go x="2187" y="316" z="-7" />
			<entrance x="1788" y="571" />
		</region>
		<region type="TownRegion" priority="5" name="Lenmir Anfinmotas">
			<rect x="1560" y="792" width="232" height="120" />
			<go x="1673" y="876" z="-25" />
			<guards disabled="true" />
		</region>
		<region priority="2" name="Entrance to Spider Cave">
			<rect x="1400" y="896" width="40" height="24" />
			<go x="1418" y="915" z="-19" />
		</region>
		<region type="DungeonRegion" priority="50" name="Spider Cave">
			<rect x="1752" y="952" width="112" height="48" />
			<rect x="1480" y="864" width="48" height="32" />
			<go x="1785" y="991" z="-28" />
			<entrance x="1420" y="910" />
		</region>
		<region priority="48" name="Twin Oaks">
			<rect x="1536" y="1032" width="48" height="40" />
			<go x="1560" y="1052" z="0" />
			<region>
				<rect x="1546" y="1037" width="21" height="20" />
				<logoutDelay active="false" />
			</region>
		</region>
		<region type="TownRegion" priority="50" name="Reg Volon">
			<rect x="1328" y="1008" width="80" height="112" />
			<go x="1363" y="1055" z="-13" />
			<guards disabled="true" />
		</region>
		<region priority="2" name="Entrance Spectre Dungeon">
			<rect x="1360" y="1030" width="6" height="4" />
			<go x="1363" y="1033" z="-8" />
		</region>
		<region type="DungeonRegion" priority="2" name="Spectre Dungeon">
			<rect x="1936" y="1000" width="96" height="120" />
			<go x="1983" y="1107" z="-18" />
			<entrance x="1362" y="1031" />
		</region>
		<region priority="2" name="Entrance Blood Dungeon">
			<rect x="1736" y="1224" width="24" height="16" />
			<go x="1747" y="1227" z="-1" />
		</region>
		<region type="DungeonRegion" priority="2" name="Blood Dungeon">
			<rect x="2032" y="808" width="168" height="256" />
			<go x="2114" y="839" z="-28" />
			<entrance x="1745" y="1236" />
		</region>
		<region priority="2" name="Entrance Mushroom Cave">
			<rect x="1448" y="1320" width="16" height="16" />
			<go x="1460" y="1329" z="-25" />
		</region>
		<region priority="11" name="Mushroom Cave">
			<rect x="1392" y="1448" width="104" height="120" />
			<go x="1476" y="1494" z="-28" />
		</region>
		<region type="TownRegion" priority="48" name="Lake Shire">
			<rect x="1144" y="1072" width="120" height="128" />
			<go x="1212" y="1144" z="-25" />
			<guards disabled="true" />
		</region>
		<region priority="2" name="Entrance Rat Cave">
			<rect x="1024" y="1152" width="8" height="8" />
			<go x="1031" y="1154" z="-24" />
		</region>
		<region priority="2" name="Rat Cave Territory">
			<rect x="1144" y="1440" width="224" height="144" />
			<go x="1345" y="1511" z="-3" />
		</region>
		<region priority="2" name="Ratman Cave">
			<rect x="1264" y="1448" width="96" height="128" />
			<rect x="1152" y="1456" width="104" height="104" />
			<go x="1348" y="1511" z="-3" />
		</region>
		<region type="TownRegion" priority="48" name="Bet-Lem Reg">
			<rect x="1232" y="936" width="40" height="48" />
			<go x="1238" y="974" z="-34" />
			<guards disabled="true" />
		</region>
		<region type="TownRegion" priority="48" name="Mistas">
			<rect x="744" y="984" width="168" height="168" />
			<rect x="744" y="1152" width="48" height="24" />
			<go x="818" y="1073" z="-30" />
			<guards disabled="true" />
			<region>
				<rect x="752" y="1131" width="16" height="21" />
				<logoutDelay active="false" />
			</region>
		</region>
		<region priority="2" name="Entrance Serpentine Passage">
			<rect x="800" y="864" width="16" height="16" />
			<go x="808" y="872" z="5" />
		</region>
		<region priority="11" name="Serpentine Passage">
			<rect x="368" y="1488" width="192" height="104" />
			<go x="533" y="1526" z="-25" />
		</region>
		<region type="DungeonRegion" priority="2" name="Ankh Dungeon">
			<rect x="0" y="1248" width="176" height="344" />
			<rect x="568" y="1152" width="16" height="8" />
			<go x="156" y="1484" z="-28" />
			<entrance x="668" y="928" />
		</region>
		<region priority="11" name="Kirin passage">
			<rect x="0" y="800" width="192" height="400" />
			<go x="11" y="881" z="-29" />
		</region>
		<region priority="2" name="Entrance Lizards Passage">
			<rect x="312" y="1328" width="8" height="8" />
			<go x="314" y="1331" z="-37" />
		</region>
		<region type="DungeonRegion" priority="2" name="Wisp Dungeon">
			<rect x="616" y="1480" width="88" height="96" />
			<rect x="704" y="1544" width="24" height="32" />
			<rect x="704" y="1480" width="40" height="40" />
			<rect x="816" y="1448" width="96" height="136" />
			<rect x="944" y="1416" width="56" height="40" />
			<rect x="912" y="1456" width="112" height="128" />
			<rect x="832" y="1424" width="48" height="24" />
			<rect x="744" y="1504" width="72" height="80" />
			<rect x="744" y="1456" width="56" height="48" />
			<go x="628" y="1524" z="-28" />
			<entrance x="652" y="1301" />
		</region>
		<region priority="11" name="Lizard Passage">
			<rect x="256" y="1560" width="80" height="32" />
			<go x="285" y="1585" z="-27" />
		</region>
		<region type="DungeonRegion" priority="50" name="Exodus Dungeon">
			<rect x="1832" y="16" width="248" height="200" />
			<go x="1966" y="117" z="-28" />
			<entrance x="827" y="777" />
		</region>
		<region priority="48" name="Lizard Man's Huts">
			<rect x="264" y="1280" width="56" height="96" />
			<go x="298" y="1336" z="-24" />
		</region>
		<region priority="50" name="Nox Tereg">
			<rect x="344" y="1112" width="144" height="128" />
			<go x="416" y="1176" z="0" />
		</region>
		<region type="DungeonRegion" priority="2" name="Sorcerer's Dungeon">
			<rect x="368" y="0" width="120" height="120" />
			<rect x="200" y="0" width="168" height="112" />
			<rect x="256" y="120" width="32" height="32" />
			<rect x="48" y="0" width="136" height="136" />
			<rect x="224" y="112" width="24" height="32" />
			<go x="429" y="108" z="-28" />
			<entrance x="546" y="455" />
		</region>
		<region priority="50" name="Entrance Ancient Lair">
			<rect x="936" y="488" width="8" height="8" />
			<go x="940" y="503" z="-30" />
		</region>
		<region type="DungeonRegion" priority="2" name="Ancient Lair">
			<rect x="24" y="664" width="112" height="96" />
			<go x="86" y="744" z="-28" />
			<entrance x="938" y="494" />
		</region>
		<region priority="50" name="Gypsy Camp">
			<rect x="480" y="520" width="56" height="48" />
			<go x="504" y="536" z="-60" />
		</region>
		<region priority="50" name="Gypsy Camp 1">
			<rect x="1480" y="600" width="56" height="40" />
			<go x="1508" y="620" z="0" />
		</region>
		<region priority="48" name="Gypsy Camp 2">
			<rect x="1592" y="528" width="40" height="40" />
			<go x="1612" y="548" z="0" />
			<region>
				<rect x="1617" y="546" width="12" height="8" />
				<logoutDelay active="false" />
			</region>
		</region>
		<region priority="50" name="Juka Camp">
			<rect x="1192" y="656" width="112" height="136" />
			<go x="1248" y="724" z="0" />
		</region>
		<region priority="50" name="Gypsy Camp 3">
			<rect x="928" y="408" width="40" height="40" />
			<go x="948" y="428" z="0" />
		</region>
		<region priority="50" name="Gypsy Camp 4">
			<rect x="840" y="440" width="40" height="48" />
			<go x="860" y="464" z="0" />
		</region>
		<region priority="50" name="Gypsy Camp 5">
			<rect x="1216" y="520" width="24" height="48" />
			<rect x="1248" y="568" width="16" height="24" />
			<go x="1228" y="544" z="0" />
		</region>
		<region priority="50" name="Gypsy Camp 6">
			<rect x="1376" y="416" width="32" height="32" />
			<go x="1392" y="432" z="0" />
		</region>
		<region priority="50" name="Lord Blackthorn's Ilshenar Castle">
			<rect x="1048" y="616" width="72" height="72" />
			<rect x="1080" y="688" width="24" height="24" />
			<go x="1084" y="652" z="0" />
		</region>
		<region priority="50" name="Shrine of the Virtues">
			<rect x="1072" y="376" width="64" height="56" />
			<go x="1104" y="404" z="0" />
		</region>
		<region priority="50" name="Pass of Karnaugh">
			<rect x="848" y="288" width="120" height="48" />
			<rect x="936" y="232" width="32" height="56" />
			<rect x="968" y="248" width="120" height="56" />
			<rect x="1000" y="304" width="24" height="16" />
			<rect x="1048" y="304" width="136" height="56" />
			<rect x="1184" y="336" width="64" height="56" />
			<go x="908" y="312" z="0" />
		</region>
		<region priority="50" name="Vinculum Inn">
			<rect x="658" y="654" width="13" height="24" />
			<go x="656" y="666" z="-36" />
			<region>
				<rect x="658" y="654" width="13" height="24" />
				<logoutDelay active="false" />
			</region>
		</region>
	</Facet>
	<Facet name="Malas">
		<region type="TownRegion" priority="50" name="Luna">
			<rect x="945" y="490" width="91" height="61" />
			<go x="989" y="520" z="-50" />
			<music name="tavern04" />
			<region>
				<rect x="986" y="509" width="18" height="21" />
				<logoutDelay active="false" />
			</region>
		</region>
		<region type="TownRegion" priority="50" name="Umbra">
			<rect x="2042" y="1265" width="48" height="13" />
			<rect x="1960" y="1278" width="146" height="135" />
			<rect x="2004" y="1413" width="36" height="6" />
			<go x="2049" y="1344" z="-85" />
			<region>
				<rect x="2031" y="1311" width="15" height="14" />
				<logoutDelay active="false" />
			</region>
		</region>
		<region type="DungeonRegion" priority="50" name="Doom">
			<rect x="256" y="0" width="256" height="304" />
			<go x="2366" y="1268" z="-85" />
			<music name="Dungeon9" />
			<entrance x="2357" y="1268" />
		</region>
		<region type="DungeonRegion" priority="50" name="Doom Gauntlet">
			<rect x="256" y="304" width="256" height="256" />
			<go x="429" y="340" z="-1" />
			<music name="Dungeon9" />
			<entrance x="2357" y="1268" />
		</region>
		<region priority="50" name="Orc Fortress">
			<rect x="1295" y="1189" width="100" height="105" />
			<go x="1340" y="1226" z="-90" />
		</region>
		<region type="NoHousingRegion" priority="50" name="Crystal Cave Entrance">
			<rect x="1176" y="509" width="43" height="13" />
			<go x="1195" y="515" z="-90" />
		</region>
		<region type="NoHousingRegion" priority="50" name="Protected Island">
			<rect x="1976" y="101" width="472" height="244" />
			<rect x="2051" y="345" width="305" height="37" />
			<rect x="2026" y="345" width="25" height="25" />
			<rect x="2069" y="382" width="75" height="14" />
			<rect x="2254" y="382" width="98" height="38" />
			<rect x="2222" y="382" width="32" height="20" />
			<go x="2104" y="380" z="-90" />
			<smartNoHousing active="true" />
		</region>
		<region type="NoHousingRegion" priority="50" name="Grand Arena">
			<rect x="919" y="622" width="43" height="30" />
			<go x="961" y="637" z="-90" />
			<smartNoHousing active="false" />
		</region>
		<region priority="50" name="Hanse's Hostel">
			<rect x="1049" y="1420" width="13" height="25" />
			<rect x="1062" y="1420" width="3" height="11" />
			<rect x="1062" y="1439" width="3" height="6" />
			<go x="1063" y="1435" z="-90" />
			<logoutDelay active="false" />
		</region>
		<region type="DungeonRegion" priority="50" name="Yomotsu Mines">
			<rect x="0" y="0" width="129" height="129" />
			<go x="6" y="118" z="0" />
			<music name="TokunoDungeon" />
			<entrance x="259" y="783" map="Tokuno" />
		</region>
		<region type="DungeonRegion" priority="50" name="Fan Dancer's Dojo">
			<rect x="40" y="320" width="170" height="400" />
			<go x="71" y="337" z="0" />
			<music name="TokunoDungeon" />
			<entrance x="977" y="223" map="Tokuno" />
		</region>
		<region priority="50" name="Samurai start location">
			<rect x="320" y="690" width="115" height="100" />
			<music name="Zento" />
			<region type="QuestOfferRegion">
				<rect x="368" y="772" width="7" height="5" />
				<quest type="HaochisTrialsQuest" />
			</region>
			<region type="CancelQuestRegion">
				<rect x="388" y="772" width="9" height="9" />
				<quest type="HaochisTrialsQuest" />
			</region>
			<region type="QuestNoEntryRegion">
				<rect x="363" y="747" width="6" height="6" />
				<quest type="HaochisTrialsQuest" min="FirstTrialIntroObjective" message="1063163" />
			</region>
			<region type="QuestCompleteObjectiveRegion">
				<rect x="333" y="768" width="11" height="3" />
				<quest type="HaochisTrialsQuest" complete="FirstTrialIntroObjective" />
			</region>
			<region type="QuestNoEntryRegion">
				<rect x="364" y="738" width="5" height="4" />
				<quest type="HaochisTrialsQuest" min="SecondTrialIntroObjective" message="1063163" />
			</region>
			<region type="QuestCompleteObjectiveRegion">
				<rect x="328" y="729" width="22" height="22" />
				<quest type="HaochisTrialsQuest" complete="SecondTrialIntroObjective" />
			</region>
			<region type="QuestNoEntryRegion">
				<rect x="363" y="727" width="6" height="6" />
				<quest type="HaochisTrialsQuest" min="ThirdTrialIntroObjective" message="1063163" />
			</region>
			<region type="QuestCompleteObjectiveRegion">
				<rect x="328" y="696" width="23" height="23" />
				<quest type="HaochisTrialsQuest" complete="ThirdTrialIntroObjective" />
			</region>
			<region type="QuestNoEntryRegion">
				<rect x="377" y="722" width="6" height="6" />
				<quest type="HaochisTrialsQuest" min="FourthTrialIntroObjective" message="1063163" />
			</region>
			<region type="QuestCompleteObjectiveRegion">
				<rect x="369" y="697" width="23" height="22" />
				<quest type="HaochisTrialsQuest" complete="FourthTrialIntroObjective" />
			</region>
			<region type="QuestNoEntryRegion">
				<rect x="391" y="729" width="4" height="5" />
				<quest type="HaochisTrialsQuest" min="FifthTrialIntroObjective" message="1063163" />
			</region>
			<region type="QuestNoEntryRegion">
				<rect x="391" y="738" width="4" height="4" />
				<quest type="HaochisTrialsQuest" min="SixthTrialIntroObjective" message="1063163" />
			</region>
			<region type="QuestNoEntryRegion">
				<rect x="397" y="747" width="4" height="5" />
				<quest type="HaochisTrialsQuest" min="SeventhTrialIntroObjective" message="1063163" />
			</region>
		</region>
		<region priority="50" name="Ninja start location">
			<rect x="360" y="795" width="80" height="40" />
			<music name="Zento" />
			<region type="QuestOfferRegion">
				<rect x="407" y="807" width="24" height="14" />
				<quest type="EminosUndertakingQuest" />
			</region>
			<region type="CancelQuestRegion">
				<rect x="374" y="801" width="4" height="3" />
				<quest type="EminosUndertakingQuest" />
			</region>
		</region>
		<region priority="50" name="Ninja cave">
			<rect x="360" y="960" width="100" height="215" />
		</region>
	</Facet>
	<Facet name="Tokuno">
		<region type="GuardedRegion" priority="50" name="Moongates">
			<!-- Isamu-Jima -->
			<rect x="1167" y="996" width="4" height="4" />
			<!-- Makoto-Jima -->
			<rect x="799" y="1201" width="6" height="6" />
			<!-- Homare-Jima -->
			<rect x="267" y="625" width="7" height="7" />
		</region>
		<region type="TownRegion" priority="50" name="Zento">
			<rect x="656" y="1192" width="160" height="128" />
			<go x="736" y="1256" z="30" />
			<music name="Zento" />
			<region>
				<rect x="674" y="1203" width="25" height="16" />
				<logoutDelay active="false" />
			</region>
		</region>
		<!--
		<region priority="50" name="Beetlescape">
			<go location="(798, 245,58)" />
		</region>
		-->
		<region type="NoHousingRegion" priority="50" name="Fan Dancer's Dojo">
			<rect x="969" y="194" width="23" height="30" />
			<go x="977" y="223" z="23" />
			<smartNoHousing active="true" />
		</region>
		<region type="NoHousingRegion" priority="50" name="Bushido Dojo">
			<rect x="283" y="361" width="68" height="102" />
			<go x="320" y="408" z="32" />
			<smartNoHousing active="true" />
		</region>
	</Facet>
</ServerRegions>