<?xml version="1.0" encoding="utf-8" standalone="yes"?>
<accounts count="1">
	<account>
		<username>Sky</username>
		<newCryptPassword>98-D6-81-B7-72-CF-33-B6-D6-6A-82-20-EA-D0-B6-18-15-03-44-74</newCryptPassword>
		<accessLevel>Owner</accessLevel>
		<created>2025-08-18T00:30:42.42835-04:00</created>
		<lastLogin>2025-08-20T20:47:18.6288626-04:00</lastLogin>
		<totalGameTime>PT59M45.9608006S</totalGameTime>
		<chars>
			<char index="0">80</char>
			<char index="1">2</char>
			<char index="2">4</char>
		</chars>
		<addressList count="1">
			<ip>127.0.0.1</ip>
		</addressList>
	</account>
</accounts>