<?xml version="1.0" encoding="utf-8" standalone="yes"?>
<accounts count="2">
	<account>
		<username>Skythorn</username>
		<newCryptPassword>F8-41-4F-82-F8-F4-50-F3-01-82-EF-69-CD-94-3E-AF-98-4D-05-85</newCryptPassword>
		<accessLevel>Owner</accessLevel>
		<flags>2</flags>
		<created>2025-08-23T20:20:22.6431263-04:00</created>
		<lastLogin>2025-08-25T10:53:09.2778087-04:00</lastLogin>
		<totalGameTime>PT11H13M19.7874879S</totalGameTime>
		<chars>
			<char index="0">1</char>
		</chars>
		<addressList count="2">
			<ip>35.142.240.178</ip>
			<ip>66.179.243.20</ip>
		</addressList>
	</account>
	<account>
		<username>Sky</username>
		<newCryptPassword>98-D6-81-B7-72-CF-33-B6-D6-6A-82-20-EA-D0-B6-18-15-03-44-74</newCryptPassword>
		<flags>2</flags>
		<created>2025-08-24T03:36:18.489997-04:00</created>
		<lastLogin>2025-08-25T17:11:05.4203001-04:00</lastLogin>
		<totalGameTime>PT2H50M23.6783441S</totalGameTime>
		<chars>
			<char index="0">2466</char>
			<char index="1">2024</char>
			<char index="2">2028</char>
			<char index="3">27</char>
		</chars>
		<comments>
			<comment addedBy="System" lastModified="2025-08-24T18:40:12.9956617-04:00">Character #3 0x7EA "JAkkin" deleted by 35.142.240.178</comment>
			<comment addedBy="System" lastModified="2025-08-24T19:07:39.5438619-04:00">Character #4 0x7F0 "Zendor" deleted by 35.142.240.178</comment>
			<comment addedBy="System" lastModified="2025-08-24T19:09:03.3773474-04:00">Character #4 0x7F1 "Zendor" deleted by 35.142.240.178</comment>
			<comment addedBy="System" lastModified="2025-08-24T19:09:45.7858583-04:00">Character #4 0x7F2 "Zendor" deleted by 35.142.240.178</comment>
			<comment addedBy="System" lastModified="2025-08-24T19:10:53.9571207-04:00">Character #4 0x7F3 "Zendor" deleted by 35.142.240.178</comment>
			<comment addedBy="System" lastModified="2025-08-24T19:18:34.71715-04:00">Character #4 0x1C "Zendor" deleted by 35.142.240.178</comment>
		</comments>
		<addressList count="2">
			<ip>35.142.240.178</ip>
			<ip>47.207.57.122</ip>
		</addressList>
	</account>
</accounts>